name,num_stars,art_type,art_url
Zima,5.0,Elite 0,https://gamepress.gg/arknights/sites/arknights/files/2019-10/char_115_headbr_1.png
Zima,5.0,Elite 2,https://gamepress.gg/arknights/sites/arknights/files/2019-11/char_115_headbr_2.png
Zima,5.0,Skin 1,https://gamepress.gg/arknights/sites/arknights/files/2021-06/char_115_headbr_it%231.png
Zima,5.0,Skin 2,https://gamepress.gg/arknights/sites/arknights/files/2020-03/char_115_headbr_marthe%232_0.png
Yato,2.0,Elite 0,https://gamepress.gg/arknights/sites/arknights/files/2019-10/char_502_nblade_1.png
Whisperain,5.0,Elite 0,https://gamepress.gg/arknights/sites/arknights/files/2020-11/char_436_whispr_1.png
Whisperain,5.0,Elite 2,https://gamepress.gg/arknights/sites/arknights/files/2020-11/char_436_whispr_2.png
Whisperain,5.0,Skin 1,https://gamepress.gg/arknights/sites/arknights/files/2021-02/WhisperainSkinFull.png
Whislash,5.0,Elite 0,https://gamepress.gg/arknights/sites/arknights/files/2020-10/char_265_sophia_1.png
Whislash,5.0,Elite 2,https://gamepress.gg/arknights/sites/arknights/files/2020-10/char_265_sophia_2.png
Weedy,6.0,Elite 0,https://gamepress.gg/arknights/sites/arknights/files/2020-05/char_400_weedy_1_0.png
Weedy,6.0,Elite 2,https://gamepress.gg/arknights/sites/arknights/files/2021-01/char_400_weedy_2-2.png
Weedy,6.0,Skin 1,https://gamepress.gg/arknights/sites/arknights/files/2020-12/WeedyMansfieldBreakSkin.png
Warfarin,5.0,Elite 0,https://gamepress.gg/arknights/sites/arknights/files/2019-10/char_171_bldsk_1.png
Warfarin,5.0,Elite 2,https://gamepress.gg/arknights/sites/arknights/files/2019-11/char_171_bldsk_2.png
Warfarin,5.0,Skin 1,https://gamepress.gg/arknights/sites/arknights/files/2020-02/ArtWarfarinSkinHalloween.png
Waai Fu,5.0,Elite 0,https://gamepress.gg/arknights/sites/arknights/files/2019-11/char_243_waaifu_1_4.png
Waai Fu,5.0,Elite 2,https://gamepress.gg/arknights/sites/arknights/files/2019-11/char_243_waaifu_2_0.png
W,6.0,Elite 0,https://gamepress.gg/arknights/sites/arknights/files/2020-05/char_113_cqbw_1_0.png
W,6.0,Elite 2,https://gamepress.gg/arknights/sites/arknights/files/2020-05/char_113_cqbw_2.png
W,6.0,Skin 1,https://gamepress.gg/arknights/sites/arknights/files/2020-11/char_113_cqbw_epoque%237.png
Vulcan,5.0,Elite 0,https://gamepress.gg/arknights/sites/arknights/files/2019-10/char_163_hpsts_1.png
Vulcan,5.0,Elite 2,https://gamepress.gg/arknights/sites/arknights/files/2019-11/char_163_hpsts_2.png
Vigna,4.0,Elite 0,https://gamepress.gg/arknights/sites/arknights/files/2019-10/char_290_vigna_1.png
Vigna,4.0,Elite 2,https://gamepress.gg/arknights/sites/arknights/files/2019-11/char_290_vigna_2.png
Vigna,4.0,Skin 1,https://gamepress.gg/arknights/sites/arknights/files/2021-05/char_290_vigna_as%231.png
Vigna,4.0,Skin 2,https://gamepress.gg/arknights/sites/arknights/files/2020-02/ArtVignaSkinSummer.png
Vermeil,4.0,Elite 0,https://gamepress.gg/arknights/sites/arknights/files/2019-10/char_190_clour_1_0.png
Vermeil,4.0,Elite 2,https://gamepress.gg/arknights/sites/arknights/files/2019-11/char_190_clour_2.png
Vanilla,3.0,Elite 0,https://gamepress.gg/arknights/sites/arknights/files/2019-10/char_240_wyvern_1_0.png
Utage,4.0,Elite 0,https://gamepress.gg/arknights/sites/arknights/files/2020-03/char_337_utage_1.png
Utage,4.0,Elite 2,https://gamepress.gg/arknights/sites/arknights/files/2020-03/char_337_utage_2.png
Utage,4.0,Skin 1,https://gamepress.gg/arknights/sites/arknights/files/2020-08/char_337_utage_summer%234.png
Tuye,5.0,Elite 0,https://gamepress.gg/arknights/sites/arknights/files/2021-01/char_402_tuye_1.png
Tuye,5.0,Elite 2,https://gamepress.gg/arknights/sites/arknights/files/2021-01/char_402_tuye_2.png
Tsukinogi,5.0,Elite 0,https://gamepress.gg/arknights/sites/arknights/files/2020-06/ArtTsukinogiBase.png
Tsukinogi,5.0,Elite 2,https://gamepress.gg/arknights/sites/arknights/files/2020-06/ArtTsukinogiE2.png
Tsukinogi,5.0,Skin 1,https://gamepress.gg/arknights/sites/arknights/files/2021-07/char_343_tknogi_epoque%239-2.png
Tomimi,5.0,Elite 0,https://gamepress.gg/arknights/sites/arknights/files/2020-08/char_411_tomimi_1.png
Tomimi,5.0,Elite 2,https://gamepress.gg/arknights/sites/arknights/files/2020-08/char_411_tomimi_2.png
Tomimi,5.0,Skin 1,https://gamepress.gg/arknights/sites/arknights/files/2021-07/%E7%AB%8B%E7%BB%98_%E7%89%B9%E7%B1%B3%E7%B1%B3_skin1.png
Toddifons,5.0,Elite 0,https://gamepress.gg/arknights/sites/arknights/files/2021-04/char_363_toddi_1.png
Toddifons,5.0,Elite 2,https://gamepress.gg/arknights/sites/arknights/files/2021-04/char_363_toddi_2.png
Thorns,6.0,Elite 0,https://gamepress.gg/arknights/sites/arknights/files/2020-08/char_293_thorns_1.png
Thorns,6.0,Elite 2,https://gamepress.gg/arknights/sites/arknights/files/2020-08/char_293_thorns_2.png
Thorns,6.0,Skin 1,https://gamepress.gg/arknights/sites/arknights/files/2021-06/char_293_thorns_it%231.png
Texas,5.0,Elite 0,https://gamepress.gg/arknights/sites/arknights/files/2019-10/char_102_texas_1.png
Texas,5.0,Elite 2,https://gamepress.gg/arknights/sites/arknights/files/2019-11/char_102_texas_2.png
Texas,5.0,Skin 1,https://gamepress.gg/arknights/sites/arknights/files/2020-11/char_102_texas_epoque%237.png
Texas,5.0,Skin 2,https://gamepress.gg/arknights/sites/arknights/files/2020-02/ArtTexasSkinWinterMessenger.png
Tachanka,5.0,Elite 0,https://gamepress.gg/arknights/sites/arknights/files/2021-03/char_459_tachak_1.png
Tachanka,5.0,Elite 2,https://gamepress.gg/arknights/sites/arknights/files/2021-03/char_459_tachak_2.png
Tachanka,5.0,Skin 1,https://gamepress.gg/arknights/sites/arknights/files/2021-03/char_459_tachak_rainbow6%231.png
THRM-EX,1.0,Elite 0,https://gamepress.gg/arknights/sites/arknights/files/2020-04/char_376_therex_1.png
Swire,5.0,Elite 0,https://gamepress.gg/arknights/sites/arknights/files/2019-10/char_308_swire_1_0.png
Swire,5.0,Elite 2,https://gamepress.gg/arknights/sites/arknights/files/2019-11/char_308_swire_2.png
Swire,5.0,Skin 1,https://gamepress.gg/arknights/sites/arknights/files/2020-02/ArtSwireSkinNian.png
Suzuran,6.0,Elite 0,https://gamepress.gg/arknights/sites/arknights/files/2020-07/char_358_lisa_1.png
Suzuran,6.0,Elite 2,https://gamepress.gg/arknights/sites/arknights/files/2020-07/char_358_lisa_2.png
Suzuran,6.0,Skin 1,https://gamepress.gg/arknights/sites/arknights/files/2020-09/char_358_lisa_wild%233.png
Sussurro,4.0,Elite 0,https://gamepress.gg/arknights/sites/arknights/files/2019-10/char_298_susuro_1_0.png
Sussurro,4.0,Elite 2,https://gamepress.gg/arknights/sites/arknights/files/2019-11/char_298_susuro_2.png
Surtr,6.0,Elite 0,https://gamepress.gg/arknights/sites/arknights/files/2020-09/char_350_surtr_1.png
Surtr,6.0,Elite 2,https://gamepress.gg/arknights/sites/arknights/files/2020-09/char_350_surtr_2.png
Surtr,6.0,Skin 1,https://gamepress.gg/arknights/sites/arknights/files/2021-06/char_350_surtr_it%231.png
Steward,3.0,Elite 0,https://gamepress.gg/arknights/sites/arknights/files/2019-10/char_210_stward_1.png
Spot,3.0,Elite 0,https://gamepress.gg/arknights/sites/arknights/files/2019-10/char_284_spot_1_0.png
Spot,3.0,Skin 1,https://gamepress.gg/arknights/sites/arknights/files/2021-05/char_284_spot_boc%233-2.png
Specter,5.0,Elite 0,https://gamepress.gg/arknights/sites/arknights/files/2019-10/char_143_ghost_1.png
Specter,5.0,Elite 2,https://gamepress.gg/arknights/sites/arknights/files/2019-11/char_143_ghost_2.png
Specter,5.0,Skin 1,https://gamepress.gg/arknights/sites/arknights/files/2020-02/ArtGhostSkinUndercurrent.png
Sora,5.0,Elite 0,https://gamepress.gg/arknights/sites/arknights/files/2019-10/char_101_sora_1.png
Sora,5.0,Elite 2,https://gamepress.gg/arknights/sites/arknights/files/2019-11/char_101_sora_2.png
Sora,5.0,Skin 1,https://gamepress.gg/arknights/sites/arknights/files/2020-02/ArtSoraSkinSummer_0.png
Snowsant,5.0,Elite 0,https://gamepress.gg/arknights/sites/arknights/files/2020-01/char_383_snsant_1_12.png
Snowsant,5.0,Elite 2,https://gamepress.gg/arknights/sites/arknights/files/2020-01/char_383_snsant_2_3.png
Skyfire,5.0,Elite 0,https://gamepress.gg/arknights/sites/arknights/files/2019-10/char_166_skfire_1.png
Skyfire,5.0,Elite 2,https://gamepress.gg/arknights/sites/arknights/files/2019-11/char_166_skfire_2.png
Skyfire,5.0,Skin 1,https://gamepress.gg/arknights/sites/arknights/files/2020-02/ArtSkyfireSkinSummer.png
Skadi the Corrupting Heart,6.0,Elite 0,https://gamepress.gg/arknights/sites/arknights/files/2021-05/char_1012_skadi2_1.png
Skadi the Corrupting Heart,6.0,Elite 2,https://gamepress.gg/arknights/sites/arknights/files/2021-05/char_1012_skadi2_2.png
Skadi,6.0,Elite 0,https://gamepress.gg/arknights/sites/arknights/files/2019-10/char_263_skadi_1.png
Skadi,6.0,Elite 2,https://gamepress.gg/arknights/sites/arknights/files/2019-11/char_263_skadi_2.png
Skadi,6.0,Skin 1,https://gamepress.gg/arknights/sites/arknights/files/2020-08/char_263_skadi_summer%233.png
SilverAsh,6.0,Elite 0,https://gamepress.gg/arknights/sites/arknights/files/2019-10/char_172_svrash_1.png
SilverAsh,6.0,Elite 2,https://gamepress.gg/arknights/sites/arknights/files/2019-11/char_172_svrash_2.png
SilverAsh,6.0,Skin 1,https://gamepress.gg/arknights/sites/arknights/files/2020-08/char_172_svrash_summer%234.png
SilverAsh,6.0,Skin 2,https://gamepress.gg/arknights/sites/arknights/files/2020-02/ArtSilverAshSkinSnow_0.png
Silence,5.0,Elite 0,https://gamepress.gg/arknights/sites/arknights/files/2019-10/char_108_silent_1.png
Silence,5.0,Elite 2,https://gamepress.gg/arknights/sites/arknights/files/2019-11/char_108_silent_2.png
Silence,5.0,Skin 1,https://gamepress.gg/arknights/sites/arknights/files/2021-01/char_108_silent_winter%232.png
Silence,5.0,Skin 2,https://gamepress.gg/arknights/sites/arknights/files/2020-02/ArtSilenceSkinSweep.png
Siege,6.0,Elite 0,https://gamepress.gg/arknights/sites/arknights/files/2019-10/char_112_siege_1.png
Siege,6.0,Elite 2,https://gamepress.gg/arknights/sites/arknights/files/2019-11/char_112_siege_2.png
Siege,6.0,Skin 1,https://gamepress.gg/arknights/sites/arknights/files/2020-02/ArtSiegeSkinWild_1.png
Sideroca,5.0,Elite 0,https://gamepress.gg/arknights/sites/arknights/files/2020-04/char_333_sidero_1.png
Sideroca,5.0,Elite 2,https://gamepress.gg/arknights/sites/arknights/files/2020-04/char_333_sidero_2.png
Shirayuki,4.0,Elite 0,https://gamepress.gg/arknights/sites/arknights/files/2019-10/char_118_yuki_1.png
Shirayuki,4.0,Elite 2,https://gamepress.gg/arknights/sites/arknights/files/2019-11/char_118_yuki_2.png
Shirayuki,4.0,Skin 1,https://gamepress.gg/arknights/sites/arknights/files/2021-04/char_118_yuki_boc%232.png
Shining,6.0,Elite 0,https://gamepress.gg/arknights/sites/arknights/files/2019-10/char_147_shining_1.png
Shining,6.0,Elite 2,https://gamepress.gg/arknights/sites/arknights/files/2019-11/char_147_shining_2.png
Shining,6.0,Skin 1,https://gamepress.gg/arknights/sites/arknights/files/2020-02/ArtShiningSkinSummer.png
Shaw,4.0,Elite 0,https://gamepress.gg/arknights/sites/arknights/files/2019-10/char_277_sqrrel_1.png
Shaw,4.0,Elite 2,https://gamepress.gg/arknights/sites/arknights/files/2019-11/char_277_sqrrel_2.png
Shaw,4.0,Skin 1,https://gamepress.gg/arknights/sites/arknights/files/2020-10/ShawSkin.png
Shamare,5.0,Elite 0,https://gamepress.gg/arknights/sites/arknights/files/2020-04/char_254_vodfox_1.png
Shamare,5.0,Elite 2,https://gamepress.gg/arknights/sites/arknights/files/2020-04/char_254_vodfox_2.png
Sesa,5.0,Elite 0,https://gamepress.gg/arknights/sites/arknights/files/2020-03/char_379_sesa_1.png
Sesa,5.0,Elite 2,https://gamepress.gg/arknights/sites/arknights/files/2020-03/char_379_sesa_2.png
Schwarz,6.0,Elite 0,https://gamepress.gg/arknights/sites/arknights/files/2019-10/char_340_shwaz_1_0.png
Schwarz,6.0,Elite 2,https://gamepress.gg/arknights/sites/arknights/files/2019-11/char_340_shwaz_2.png
Schwarz,6.0,Skin 1,https://gamepress.gg/arknights/sites/arknights/files/2021-03/char_340_shwaz_striker%231.png
Schwarz,6.0,Skin 2,https://gamepress.gg/arknights/sites/arknights/files/2020-02/ArtSchwarzSkinSnow.png
Scene,5.0,Elite 0,https://gamepress.gg/arknights/sites/arknights/files/2020-07/char_336_folivo_1.png
Scene,5.0,Elite 2,https://gamepress.gg/arknights/sites/arknights/files/2020-07/char_336_folivo_2.png
Scavenger,4.0,Elite 0,https://gamepress.gg/arknights/sites/arknights/files/2019-10/char_149_scave_1.png
Scavenger,4.0,Elite 2,https://gamepress.gg/arknights/sites/arknights/files/2019-11/char_149_scave_2.png
Savage,5.0,Elite 0,https://gamepress.gg/arknights/sites/arknights/files/2019-10/char_230_savage_1.png
Savage,5.0,Elite 2,https://gamepress.gg/arknights/sites/arknights/files/2019-11/char_230_savage_2.png
Saria,6.0,Elite 0,https://gamepress.gg/arknights/sites/arknights/files/2019-10/char_202_demkni_1.png
Saria,6.0,Elite 2,https://gamepress.gg/arknights/sites/arknights/files/2019-11/char_202_demkni_2.png
Saria,6.0,Skin 1,https://gamepress.gg/arknights/sites/arknights/files/2020-12/SariaMansfieldBreakSkin.png
Saria,6.0,Skin 2,https://gamepress.gg/arknights/sites/arknights/files/2020-05/ArtSariaSkinBloodlineOfCombat_0.png
Saga,6.0,Elite 0,https://gamepress.gg/arknights/sites/arknights/files/2021-02/char_362_saga_1.png
Saga,6.0,Elite 2,https://gamepress.gg/arknights/sites/arknights/files/2021-02/char_362_saga_2.png
Rosmontis,6.0,Elite 0,https://gamepress.gg/arknights/sites/arknights/files/2020-11/char_391_rosmon_1.png
Rosmontis,6.0,Elite 2,https://gamepress.gg/arknights/sites/arknights/files/2020-11/char_391_rosmon_2.png
Rosa (Poca),6.0,Elite 0,https://gamepress.gg/arknights/sites/arknights/files/2020-06/char_197_poca_1_1.png
Rosa (Poca),6.0,Elite 2,https://gamepress.gg/arknights/sites/arknights/files/2020-06/char_197_poca_2_0.png
Rope,4.0,Elite 0,https://gamepress.gg/arknights/sites/arknights/files/2019-10/char_236_rope_1.png
Rope,4.0,Elite 2,https://gamepress.gg/arknights/sites/arknights/files/2019-11/char_236_rope_2.png
Rope,4.0,Skin 1,https://gamepress.gg/arknights/sites/arknights/files/2020-07/char_236_rope_summer%232.png
Rope,4.0,Skin 2,https://gamepress.gg/arknights/sites/arknights/files/2020-02/ArtRopeSkinHolloween_0.png
Robin,5.0,Elite 0,https://gamepress.gg/arknights/sites/arknights/files/2020-12/char_451_robin_1.png
Robin,5.0,Elite 2,https://gamepress.gg/arknights/sites/arknights/files/2020-12/char_451_robin_2.png
Reed,5.0,Elite 0,https://gamepress.gg/arknights/sites/arknights/files/2019-12/char_261_sddrag_1_0.png
Reed,5.0,Elite 2,https://gamepress.gg/arknights/sites/arknights/files/2019-12/char_261_sddrag_2.png
Rangers,2.0,Elite 0,https://gamepress.gg/arknights/sites/arknights/files/2019-10/char_503_rang_1.png
Purestream,4.0,Elite 0,https://gamepress.gg/arknights/sites/arknights/files/2020-03/ArtPurestreamE1.png
Purestream,4.0,Elite 2,https://gamepress.gg/arknights/sites/arknights/files/2020-03/ArtPureStreamE2.png
Ptilopsis,5.0,Elite 0,https://gamepress.gg/arknights/sites/arknights/files/2019-10/char_128_plosis_1.png
Ptilopsis,5.0,Elite 2,https://gamepress.gg/arknights/sites/arknights/files/2019-11/char_128_plosis_2.png
Ptilopsis,5.0,Skin 1,https://gamepress.gg/arknights/sites/arknights/files/2020-02/ArtPtilopsisSkinEpoque.png
Provence,5.0,Elite 0,https://gamepress.gg/arknights/sites/arknights/files/2019-10/char_145_prove_1.png
Provence,5.0,Elite 2,https://gamepress.gg/arknights/sites/arknights/files/2019-11/char_145_prove_2.png
Provence,5.0,Skin 1,https://gamepress.gg/arknights/sites/arknights/files/2021-07/%E7%AB%8B%E7%BB%98_%E6%99%AE%E7%BD%97%E6%97%BA%E6%96%AF_skin2.png
Provence,5.0,Skin 2,https://gamepress.gg/arknights/sites/arknights/files/2020-08/char_145_prove_sumer%233.png
Projekt Red,5.0,Elite 0,https://gamepress.gg/arknights/sites/arknights/files/2019-10/char_144_red_1.png
Projekt Red,5.0,Elite 2,https://gamepress.gg/arknights/sites/arknights/files/2019-11/char_144_red_2.png
Pramanix,5.0,Elite 0,https://gamepress.gg/arknights/sites/arknights/files/2019-10/char_174_slbell_1.png
Pramanix,5.0,Elite 2,https://gamepress.gg/arknights/sites/arknights/files/2019-11/char_174_slbell_2.png
Pramanix,5.0,Skin 1,https://gamepress.gg/arknights/sites/arknights/files/2020-02/ArtPramanixSkinSnow.png
Popukar,3.0,Elite 0,https://gamepress.gg/arknights/sites/arknights/files/2019-10/char_281_popka_1_0.png
Podenco,4.0,Elite 0,https://gamepress.gg/arknights/sites/arknights/files/2020-06/char_258_podego_1.png
Podenco,4.0,Elite 2,https://gamepress.gg/arknights/sites/arknights/files/2020-06/char_258_podego_2.png
Podenco,4.0,Skin 1,https://gamepress.gg/arknights/sites/arknights/files/2021-07/char_258_podego_epoque%239-2.png
Plume,3.0,Elite 0,https://gamepress.gg/arknights/sites/arknights/files/2019-10/char_192_falco_1.png
Platinum,5.0,Elite 0,https://gamepress.gg/arknights/sites/arknights/files/2019-10/char_204_platnm_1.png
Platinum,5.0,Elite 2,https://gamepress.gg/arknights/sites/arknights/files/2019-11/char_204_platnm_2.png
Platinum,5.0,Skin 1,https://gamepress.gg/arknights/sites/arknights/files/2020-08/char_204_platnm_sumer%233.png
Pinecone,4.0,Elite 0,https://gamepress.gg/arknights/sites/arknights/files/2020-12/char_440_pinecn_1.png
Pinecone,4.0,Elite 2,https://gamepress.gg/arknights/sites/arknights/files/2020-12/char_440_pinecn_2.png
Phantom,6.0,Elite 0,https://gamepress.gg/arknights/sites/arknights/files/2020-04/char_250_phatom_1.png
Phantom,6.0,Elite 2,https://gamepress.gg/arknights/sites/arknights/files/2020-04/char_250_phatom_2.png
Phantom,6.0,Skin 1,https://gamepress.gg/arknights/sites/arknights/files/2020-10/char_250_phatom_ghost%231.png
Perfumer,4.0,Elite 0,https://gamepress.gg/arknights/sites/arknights/files/2019-10/char_181_flower_1.png
Perfumer,4.0,Elite 2,https://gamepress.gg/arknights/sites/arknights/files/2019-11/char_181_flower_2.png
Perfumer,4.0,Skin 1,https://gamepress.gg/arknights/sites/arknights/files/2021-07/char_181_flower_epoque%239.png
Perfumer,4.0,Skin 2,https://gamepress.gg/arknights/sites/arknights/files/2020-02/ArtPerfumerSkin1.png
Passenger,6.0,Elite 0,https://gamepress.gg/arknights/sites/arknights/files/2021-04/char_472_pasngr_1.png
Passenger,6.0,Elite 2,https://gamepress.gg/arknights/sites/arknights/files/2021-04/char_472_pasngr_2.png
Pallas,6.0,Elite 0,https://gamepress.gg/arknights/sites/arknights/files/2021-07/char_485_pallas_1.png
Pallas,6.0,Elite 2,https://gamepress.gg/arknights/sites/arknights/files/2021-07/char_485_pallas_2.png
Orchid,3.0,Elite 0,https://gamepress.gg/arknights/sites/arknights/files/2019-10/char_278_orchid_1.png
Noir Corne,2.0,Elite 0,https://gamepress.gg/arknights/sites/arknights/files/2019-10/char_500_noirc_1.png
Nightmare,5.0,Elite 0,https://gamepress.gg/arknights/sites/arknights/files/2019-10/char_164_nightm_1.png
Nightmare,5.0,Elite 2,https://gamepress.gg/arknights/sites/arknights/files/2019-11/char_164_nightm_2.png
Nightmare,5.0,Skin 1,https://gamepress.gg/arknights/sites/arknights/files/2020-06/ArtNightmareSkin.png
Nightingale,6.0,Elite 0,https://gamepress.gg/arknights/sites/arknights/files/2019-10/char_179_cgbird_1.png
Nightingale,6.0,Elite 2,https://gamepress.gg/arknights/sites/arknights/files/2019-11/char_179_cgbird_2.png
Nightingale,6.0,Skin 1,https://gamepress.gg/arknights/sites/arknights/files/2020-02/ArtNightengaleSkinHalloween.png
Nian,6.0,Elite 0,https://gamepress.gg/arknights/sites/arknights/files/2020-01/char_2014_nian_1_0.png
Nian,6.0,Elite 2,https://gamepress.gg/arknights/sites/arknights/files/2020-01/char_2014_nian_2_0.png
Nian,6.0,Skin 1,https://gamepress.gg/arknights/sites/arknights/files/2021-02/char_2014_nian_nian%234-2.png
Nearl,5.0,Elite 0,https://gamepress.gg/arknights/sites/arknights/files/2019-10/char_148_nearl_1.png
Nearl,5.0,Elite 2,https://gamepress.gg/arknights/sites/arknights/files/2019-11/char_148_nearl_2.png
Nearl,5.0,Skin 1,https://gamepress.gg/arknights/sites/arknights/files/2020-07/char_148_nearl_summer%232.png
Myrtle,4.0,Elite 0,https://gamepress.gg/arknights/sites/arknights/files/2019-10/char_151_myrtle_1_0.png
Myrtle,4.0,Elite 2,https://gamepress.gg/arknights/sites/arknights/files/2019-11/char_151_myrtle_2.png
Myrrh,4.0,Elite 0,https://gamepress.gg/arknights/sites/arknights/files/2019-10/char_117_myrrh_1.png
Myrrh,4.0,Elite 2,https://gamepress.gg/arknights/sites/arknights/files/2019-11/char_117_myrrh_2.png
Myrrh,4.0,Skin 1,https://gamepress.gg/arknights/sites/arknights/files/2020-02/ArtMyrrhSkinWild.png
Mudrock,6.0,Elite 0,https://gamepress.gg/arknights/sites/arknights/files/2020-11/char_311_mudrok_1.png
Mudrock,6.0,Elite 2,https://gamepress.gg/arknights/sites/arknights/files/2020-11/char_311_mudrok_2.png
Mr.Nothing,5.0,Elite 0,https://gamepress.gg/arknights/sites/arknights/files/2021-02/char_455_nothin_1.png
Mr.Nothing,5.0,Elite 2,https://gamepress.gg/arknights/sites/arknights/files/2021-02/char_455_nothin_2.png
Mousse,4.0,Elite 0,https://gamepress.gg/arknights/sites/arknights/files/2019-10/char_185_frncat_1.png
Mousse,4.0,Elite 2,https://gamepress.gg/arknights/sites/arknights/files/2019-11/char_185_frncat_2.png
Mountain,6.0,Elite 0,https://gamepress.gg/arknights/sites/arknights/files/2020-12/char_264_f12yin_1.png
Mountain,6.0,Elite 2,https://gamepress.gg/arknights/sites/arknights/files/2020-12/char_264_f12yin_2.png
Mountain,6.0,Skin 1,https://gamepress.gg/arknights/sites/arknights/files/2021-05/char_264_f12yin_boc%233.png
Mostima,6.0,Elite 0,https://gamepress.gg/arknights/sites/arknights/files/2019-11/char_213_mostma_1_2.png
Mostima,6.0,Elite 2,https://gamepress.gg/arknights/sites/arknights/files/2019-11/char_213_mostma_2_0.png
Mostima,6.0,Skin 1,https://gamepress.gg/arknights/sites/arknights/files/2020-07/char_213_mostma_epoque%235.png
Mint,5.0,Elite 0,https://gamepress.gg/arknights/sites/arknights/files/2020-09/char_388_mint_1.png
Mint,5.0,Elite 2,https://gamepress.gg/arknights/sites/arknights/files/2020-09/char_388_mint_2.png
Midnight,3.0,Elite 0,https://gamepress.gg/arknights/sites/arknights/files/2019-10/char_283_midn_1.png
Midnight,3.0,Skin 1,https://gamepress.gg/arknights/sites/arknights/files/2020-05/char_283_midn_boc1.png
Meteorite,5.0,Elite 0,https://gamepress.gg/arknights/sites/arknights/files/2019-10/char_219_meteo_1.png
Meteorite,5.0,Elite 2,https://gamepress.gg/arknights/sites/arknights/files/2019-11/char_219_meteo_2.png
Meteorite,5.0,Skin 1,https://gamepress.gg/arknights/sites/arknights/files/2020-02/ArtMeteoriteSkinSweep_0.png
Meteor,4.0,Elite 0,https://gamepress.gg/arknights/sites/arknights/files/2019-10/char_126_shotst_1.png
Meteor,4.0,Elite 2,https://gamepress.gg/arknights/sites/arknights/files/2019-11/char_126_shotst_2.png
Melantha,3.0,Elite 0,https://gamepress.gg/arknights/sites/arknights/files/2019-10/char_208_melan_1.png
Melantha,3.0,Skin 1,https://gamepress.gg/arknights/sites/arknights/files/2020-02/ArtMelanthaSkinEpoque.png
Mayer,5.0,Elite 0,https://gamepress.gg/arknights/sites/arknights/files/2019-10/char_242_otter_1.png
Mayer,5.0,Elite 2,https://gamepress.gg/arknights/sites/arknights/files/2019-11/char_242_otter_2.png
Mayer,5.0,Skin 1,https://gamepress.gg/arknights/sites/arknights/files/2020-10/char_242_otter_ghost%231.png
May,4.0,Elite 0,https://gamepress.gg/arknights/sites/arknights/files/2019-11/char_133_mm_1_0.png
May,4.0,Elite 2,https://gamepress.gg/arknights/sites/arknights/files/2019-11/char_133_mm_2.png
Matterhorn,4.0,Elite 0,https://gamepress.gg/arknights/sites/arknights/files/2019-10/char_199_yak_1.png
Matterhorn,4.0,Elite 2,https://gamepress.gg/arknights/sites/arknights/files/2019-11/char_199_yak_2.png
Matterhorn,4.0,Skin 1,https://gamepress.gg/arknights/sites/arknights/files/2020-02/ArtMatterhornSkinSummer.png
Matoimaru,4.0,Elite 0,https://gamepress.gg/arknights/sites/arknights/files/2019-10/char_289_gyuki_1.png
Matoimaru,4.0,Elite 2,https://gamepress.gg/arknights/sites/arknights/files/2019-11/char_289_gyuki_2.png
Manticore,5.0,Elite 0,https://gamepress.gg/arknights/sites/arknights/files/2019-10/char_215_mantic_1.png
Manticore,5.0,Elite 2,https://gamepress.gg/arknights/sites/arknights/files/2019-11/char_215_mantic_2.png
Manticore,5.0,Skin 1,https://gamepress.gg/arknights/sites/arknights/files/2020-06/ArtManticoreSkinInvisibleDirge.png
Magallan,6.0,Elite 0,https://gamepress.gg/arknights/sites/arknights/files/2019-10/char_248_mgllan_1_1.png
Magallan,6.0,Elite 2,https://gamepress.gg/arknights/sites/arknights/files/2019-11/char_248_mgllan_2_1.png
Magallan,6.0,Skin 1,https://gamepress.gg/arknights/sites/arknights/files/2020-06/char_248_mgllan_kitchen%231.png
Liskarm,5.0,Elite 0,https://gamepress.gg/arknights/sites/arknights/files/2019-10/char_107_liskam_1.png
Liskarm,5.0,Elite 2,https://gamepress.gg/arknights/sites/arknights/files/2019-11/char_107_liskam_2.png
Liskarm,5.0,Skin 1,https://gamepress.gg/arknights/sites/arknights/files/2021-03/char_107_liskam_striker%231-2.png
Liskarm,5.0,Skin 2,https://gamepress.gg/arknights/sites/arknights/files/2020-02/ArtLiskarmSkinNian_0.png
Leonhardt,5.0,Elite 0,https://gamepress.gg/arknights/sites/arknights/files/2020-06/char_373_lionhd_1.png
Leonhardt,5.0,Elite 2,https://gamepress.gg/arknights/sites/arknights/files/2020-06/char_373_lionhd_2.png
Leonhardt,5.0,Skin 1,https://gamepress.gg/arknights/sites/arknights/files/2020-09/char_373_lionhd_wild%233.png
Leizi,5.0,Elite 0,https://gamepress.gg/arknights/sites/arknights/files/2020-02/char_306_leizi_1.png
Leizi,5.0,Elite 2,https://gamepress.gg/arknights/sites/arknights/files/2020-02/char_306_leizi_2.png
Lava the Purgatory,5.0,Elite 0,https://gamepress.gg/arknights/sites/arknights/files/2021-02/char_1011_lava2_1.png
Lava the Purgatory,5.0,Elite 2,https://gamepress.gg/arknights/sites/arknights/files/2021-02/char_1011_lava2_2.png
Lava,3.0,Elite 0,https://gamepress.gg/arknights/sites/arknights/files/2019-10/char_121_lava_1.png
Lappland,5.0,Elite 0,https://gamepress.gg/arknights/sites/arknights/files/2019-10/char_140_whitew_1.png
Lappland,5.0,Elite 2,https://gamepress.gg/arknights/sites/arknights/files/2019-11/char_140_whitew_2.png
Lappland,5.0,Skin 1,https://gamepress.gg/arknights/sites/arknights/files/2020-05/char_140_whitew_boc1.png
Lancet-2,1.0,Elite 0,https://gamepress.gg/arknights/sites/arknights/files/2019-10/char_285_medic2_1.png
Kroos,3.0,Elite 0,https://gamepress.gg/arknights/sites/arknights/files/2019-10/char_124_kroos_1_0.png
Kroos,3.0,Skin 1,https://gamepress.gg/arknights/sites/arknights/files/2020-02/ArtKroosSkinHalloween.png
Kirara,5.0,Elite 0,https://gamepress.gg/arknights/sites/arknights/files/2021-06/char_478_kirara_1.png
Kirara,5.0,Elite 2,https://gamepress.gg/arknights/sites/arknights/files/2021-06/char_478_kirara_2.png
Kal'tsit,6.0,Elite 0,https://gamepress.gg/arknights/sites/arknights/files/2021-05/char_003_kalts_1.png
Kal'tsit,6.0,Elite 2,https://gamepress.gg/arknights/sites/arknights/files/2021-05/char_003_kalts_2.png
Kafka,5.0,Elite 0,https://gamepress.gg/arknights/sites/arknights/files/2020-12/char_214_kafka_1.png
Kafka,5.0,Elite 2,https://gamepress.gg/arknights/sites/arknights/files/2020-12/char_214_kafka_2.png
Jessica,4.0,Elite 0,https://gamepress.gg/arknights/sites/arknights/files/2019-10/char_235_jesica_1.png
Jessica,4.0,Elite 2,https://gamepress.gg/arknights/sites/arknights/files/2019-11/char_235_jesica_2.png
Jessica,4.0,Skin 1,https://gamepress.gg/arknights/sites/arknights/files/2020-02/ArtJessicaSkinNian.png
Jessica,4.0,Skin 2,https://gamepress.gg/arknights/sites/arknights/files/2020-02/ArtJessicaSkinSweep.png
Jessica,4.0,Skin 3,https://gamepress.gg/arknights/sites/arknights/files/2020-02/ArtJessicaSkinWild.png
Jaye,4.0,Elite 0,https://gamepress.gg/arknights/sites/arknights/files/2020-08/char_272_strong_1.png
Jaye,4.0,Elite 2,https://gamepress.gg/arknights/sites/arknights/files/2020-08/char_272_strong_2.png
Jackie,4.0,Elite 0,https://gamepress.gg/arknights/sites/arknights/files/2020-11/char_347_jaksel_1.png
Jackie,4.0,Elite 2,https://gamepress.gg/arknights/sites/arknights/files/2020-11/char_347_jaksel_2.png
Istina,5.0,Elite 0,https://gamepress.gg/arknights/sites/arknights/files/2019-10/char_195_glassb_1.png
Istina,5.0,Elite 2,https://gamepress.gg/arknights/sites/arknights/files/2019-11/char_195_glassb_2.png
Istina,5.0,Skin 1,https://gamepress.gg/arknights/sites/arknights/files/2020-06/char_195_glassb_kitchen%231.png
Iris,5.0,Elite 0,https://gamepress.gg/arknights/sites/arknights/files/2021-01/char_338_iris_1.png
Iris,5.0,Elite 2,https://gamepress.gg/arknights/sites/arknights/files/2021-01/char_338_iris_2.png
Indra,5.0,Elite 0,https://gamepress.gg/arknights/sites/arknights/files/2019-10/char_155_tiger_1.png
Indra,5.0,Elite 2,https://gamepress.gg/arknights/sites/arknights/files/2019-11/char_155_tiger_2.png
Indigo,4.0,Elite 0,https://gamepress.gg/arknights/sites/arknights/files/2021-06/char_469_indigo_1.png
Indigo,4.0,Elite 2,https://gamepress.gg/arknights/sites/arknights/files/2021-06/char_469_indigo_2.png
Ifrit,6.0,Elite 0,https://gamepress.gg/arknights/sites/arknights/files/2019-10/char_134_ifrit_1.png
Ifrit,6.0,Elite 2,https://gamepress.gg/arknights/sites/arknights/files/2019-11/char_134_ifrit_2.png
Ifrit,6.0,Skin 1,https://gamepress.gg/arknights/sites/arknights/files/2020-02/ArtIfritSkinHalloween.png
Ifrit,6.0,Skin 2,https://gamepress.gg/arknights/sites/arknights/files/2020-02/ArtIfritSkinSummer_2.png
Hung,5.0,Elite 0,https://gamepress.gg/arknights/sites/arknights/files/2020-01/char_226_hmau_1_0.png
Hung,5.0,Elite 2,https://gamepress.gg/arknights/sites/arknights/files/2020-01/char_226_hmau_2.png
Hung,5.0,Skin 1,https://gamepress.gg/arknights/sites/arknights/files/2021-02/char_226_hmau_nian%234.png
Hoshiguma,6.0,Elite 0,https://gamepress.gg/arknights/sites/arknights/files/2019-10/char_136_hsguma_1.png
Hoshiguma,6.0,Elite 2,https://gamepress.gg/arknights/sites/arknights/files/2019-11/char_136_hsguma_2.png
Hoshiguma,6.0,Skin 1,https://gamepress.gg/arknights/sites/arknights/files/2020-03/char_136_hsguma_nian%233.png
Hibiscus,3.0,Elite 0,https://gamepress.gg/arknights/sites/arknights/files/2019-10/char_120_hibisc_1.png
Hibiscus,3.0,Skin 1,https://gamepress.gg/arknights/sites/arknights/files/2020-02/ArtHibiscusSkinDark_0.png
Hellagur,6.0,Elite 0,https://gamepress.gg/arknights/sites/arknights/files/2019-10/char_188_helage_1_0.png
Hellagur,6.0,Elite 2,https://gamepress.gg/arknights/sites/arknights/files/2019-11/char_188_helage_2.png
Hellagur,6.0,Skin 1,https://gamepress.gg/arknights/sites/arknights/files/2021-04/char_188_helage_boc%232.png
Heavyrain,5.0,Elite 0,https://gamepress.gg/arknights/sites/arknights/files/2021-04/char_304_zebra_1.png
Heavyrain,5.0,Elite 2,https://gamepress.gg/arknights/sites/arknights/files/2021-04/char_304_zebra_2.png
Haze,4.0,Elite 0,https://gamepress.gg/arknights/sites/arknights/files/2019-10/char_141_nights_1.png
Haze,4.0,Elite 2,https://gamepress.gg/arknights/sites/arknights/files/2019-11/char_141_nights_2.png
Gummy,4.0,Elite 0,https://gamepress.gg/arknights/sites/arknights/files/2019-10/char_196_sunbr_1.png
Gummy,4.0,Elite 2,https://gamepress.gg/arknights/sites/arknights/files/2019-11/char_196_sunbr_2.png
Gummy,4.0,Skin 1,https://gamepress.gg/arknights/sites/arknights/files/2020-02/ArtGummySkinSummer.png
Greyy,4.0,Elite 0,https://gamepress.gg/arknights/sites/arknights/files/2019-10/char_253_greyy_1_0.png
Greyy,4.0,Elite 2,https://gamepress.gg/arknights/sites/arknights/files/2019-11/char_253_greyy_2.png
Greyy,4.0,Skin 1,https://gamepress.gg/arknights/sites/arknights/files/2020-12/GreyySkin.png
GreyThroat,5.0,Elite 0,https://gamepress.gg/arknights/sites/arknights/files/2019-12/char_367_swllow_1_0.png
GreyThroat,5.0,Elite 2,https://gamepress.gg/arknights/sites/arknights/files/2019-12/char_367_swllow_2.png
GreyThroat,5.0,Skin 1,https://gamepress.gg/arknights/sites/arknights/files/2020-05/char_367_swllow_boc1.png
Gravel,4.0,Elite 0,https://gamepress.gg/arknights/sites/arknights/files/2019-10/char_237_gravel_1.png
Gravel,4.0,Elite 2,https://gamepress.gg/arknights/sites/arknights/files/2019-11/char_237_gravel_2.png
Gravel,4.0,Skin 1,https://gamepress.gg/arknights/sites/arknights/files/2021-01/char_237_gravel_winter%232.png
Grani,5.0,Elite 0,https://gamepress.gg/arknights/sites/arknights/files/2019-10/char_220_grani_1.png
Grani,5.0,Elite 2,https://gamepress.gg/arknights/sites/arknights/files/2019-11/char_220_grani_2.png
Grani,5.0,Skin 1,https://gamepress.gg/arknights/sites/arknights/files/2020-10/GraniSkin.png
Glaucus,5.0,Elite 0,https://gamepress.gg/arknights/sites/arknights/files/2019-10/char_326_glacus_1_0.png
Glaucus,5.0,Elite 2,https://gamepress.gg/arknights/sites/arknights/files/2019-11/char_326_glacus_2.png
Glaucus,5.0,Skin 1,https://gamepress.gg/arknights/sites/arknights/files/2020-10/char_326_glacus_ghost%231.png
Gladiia,6.0,Elite 0,https://gamepress.gg/arknights/sites/arknights/files/2021-05/char_474_glady_1.png
Gladiia,6.0,Elite 2,https://gamepress.gg/arknights/sites/arknights/files/2021-05/char_474_glady_2.png
Gitano,4.0,Elite 0,https://gamepress.gg/arknights/sites/arknights/files/2019-10/char_109_fmout_1.png
Gitano,4.0,Elite 2,https://gamepress.gg/arknights/sites/arknights/files/2019-11/char_109_fmout_2.png
Gitano,4.0,Skin 1,https://gamepress.gg/arknights/sites/arknights/files/2020-02/ArtGitanoSkinEpoque.png
Gavial,4.0,Elite 0,https://gamepress.gg/arknights/sites/arknights/files/2019-10/char_187_ccheal_1.png
Gavial,4.0,Elite 2,https://gamepress.gg/arknights/sites/arknights/files/2019-11/char_187_ccheal_2.png
Gavial,4.0,Skin 1,https://gamepress.gg/arknights/sites/arknights/files/2020-03/char_187_ccheal_epoque%232.png
Frostleaf,4.0,Elite 0,https://gamepress.gg/arknights/sites/arknights/files/2019-10/char_193_frostl_1.png
Frostleaf,4.0,Elite 2,https://gamepress.gg/arknights/sites/arknights/files/2019-11/char_193_frostl_2.png
Frost,5.0,Elite 0,https://gamepress.gg/arknights/sites/arknights/files/2021-03/char_458_rfrost_1.png
Frost,5.0,Elite 2,https://gamepress.gg/arknights/sites/arknights/files/2021-03/char_458_rfrost_2.png
Franka,5.0,Elite 0,https://gamepress.gg/arknights/sites/arknights/files/2019-10/char_106_franka_1.png
Franka,5.0,Elite 2,https://gamepress.gg/arknights/sites/arknights/files/2019-11/char_106_franka_2.png
Folinic,5.0,Elite 0,https://gamepress.gg/arknights/sites/arknights/files/2020-07/char_345_folnic_1.png
Folinic,5.0,Elite 2,https://gamepress.gg/arknights/sites/arknights/files/2020-07/char_345_folnic_2.png
Folinic,5.0,Skin 1,https://gamepress.gg/arknights/sites/arknights/files/2021-06/FolinicSkin.png
Flint,5.0,Elite 0,https://gamepress.gg/arknights/sites/arknights/files/2020-08/char_415_flint_1.png
Flint,5.0,Elite 2,https://gamepress.gg/arknights/sites/arknights/files/2020-08/char_415_flint_2.png
Flint,5.0,Skin 1,https://gamepress.gg/arknights/sites/arknights/files/2021-05/char_415_flint_boc%233-2.png
Flamebringer,5.0,Elite 0,https://gamepress.gg/arknights/sites/arknights/files/2019-11/char_131_flameb_1.png
Flamebringer,5.0,Elite 2,https://gamepress.gg/arknights/sites/arknights/files/2019-11/char_131_flameb_2.png
Firewatch,5.0,Elite 0,https://gamepress.gg/arknights/sites/arknights/files/2019-10/char_158_milu_1.png
Firewatch,5.0,Elite 2,https://gamepress.gg/arknights/sites/arknights/files/2019-11/char_158_milu_2.png
Firewatch,5.0,Skin 1,https://gamepress.gg/arknights/sites/arknights/files/2020-12/FirewatchMansfieldBreakSkin.png
Firewatch,5.0,Skin 2,https://gamepress.gg/arknights/sites/arknights/files/2020-02/ArtFirewatchSkinWild.png
Fang,3.0,Elite 0,https://gamepress.gg/arknights/sites/arknights/files/2019-10/char_123_fang_1.png
Fang,3.0,Skin 1,https://gamepress.gg/arknights/sites/arknights/files/2020-01/char_123_fang_winter%231.png
FEater,5.0,Elite 0,https://gamepress.gg/arknights/sites/arknights/files/2019-10/char_241_panda_1.png
FEater,5.0,Elite 2,https://gamepress.gg/arknights/sites/arknights/files/2019-11/char_241_panda_2.png
FEater,5.0,Skin 1,https://gamepress.gg/arknights/sites/arknights/files/2020-02/ArtFeaterSkinMarthe.png
Eyjafjalla,6.0,Elite 0,https://gamepress.gg/arknights/sites/arknights/files/2019-10/char_180_amgoat_1.png
Eyjafjalla,6.0,Elite 2,https://gamepress.gg/arknights/sites/arknights/files/2019-11/char_180_amgoat_2.png
Eyjafjalla,6.0,Skin 1,https://gamepress.gg/arknights/sites/arknights/files/2021-07/%E7%AB%8B%E7%BB%98_%E8%89%BE%E9%9B%85%E6%B3%95%E6%8B%89_skin1.png
Exusiai,6.0,Elite 0,https://gamepress.gg/arknights/sites/arknights/files/2019-10/char_103_angel_1.png
Exusiai,6.0,Elite 2,https://gamepress.gg/arknights/sites/arknights/files/2019-11/char_103_angel_2.png
Exusiai,6.0,Skin 1,https://gamepress.gg/arknights/sites/arknights/files/2020-02/ArtExuSkinKFC.png
Exusiai,6.0,Skin 2,https://gamepress.gg/arknights/sites/arknights/files/2020-02/ArtExuSkinWild.png
Executor,5.0,Elite 0,https://gamepress.gg/arknights/sites/arknights/files/2019-10/char_279_excu_1_0.png
Executor,5.0,Elite 2,https://gamepress.gg/arknights/sites/arknights/files/2019-11/char_279_excu_2.png
Executor,5.0,Skin 1,https://gamepress.gg/arknights/sites/arknights/files/2020-05/char_279_excu_boc1.png
Eunectes,6.0,Elite 0,https://gamepress.gg/arknights/sites/arknights/files/2020-08/char_416_zumama_1.png
Eunectes,6.0,Elite 2,https://gamepress.gg/arknights/sites/arknights/files/2020-08/char_416_zumama_2.png
Eunectes,6.0,Skin 1,https://gamepress.gg/arknights/sites/arknights/files/2021-05/char_416_zumama_boc%233-2.png
Ethan,4.0,Elite 0,https://gamepress.gg/arknights/sites/arknights/files/2019-11/char_355_ethan_1.png
Ethan,4.0,Elite 2,https://gamepress.gg/arknights/sites/arknights/files/2019-11/char_355_ethan_2.png
Ethan,4.0,Skin 1,https://gamepress.gg/arknights/sites/arknights/files/2020-11/char_355_ethan_epoque%237.png
Estelle,4.0,Elite 0,https://gamepress.gg/arknights/sites/arknights/files/2019-10/char_127_estell_1.png
Estelle,4.0,Elite 2,https://gamepress.gg/arknights/sites/arknights/files/2019-11/char_127_estell_2.png
Elysium,5.0,Elite 0,https://gamepress.gg/arknights/sites/arknights/files/2020-05/char_401_elysm_1.png
Elysium,5.0,Elite 2,https://gamepress.gg/arknights/sites/arknights/files/2020-05/char_401_elysm_2.png
Elysium,5.0,Skin 1,https://gamepress.gg/arknights/sites/arknights/files/2020-12/ElysiumMansfieldBreakSkin.png
Earthspirit,4.0,Elite 0,https://gamepress.gg/arknights/sites/arknights/files/2019-10/char_183_skgoat_1.png
Earthspirit,4.0,Elite 2,https://gamepress.gg/arknights/sites/arknights/files/2019-11/char_183_skgoat_2.png
Dusk,6.0,Elite 0,https://gamepress.gg/arknights/sites/arknights/files/2021-02/char_2015_dusk_1.png
Dusk,6.0,Elite 2,https://gamepress.gg/arknights/sites/arknights/files/2021-02/char_2015_dusk_2.png
Durin,2.0,Elite 0,https://gamepress.gg/arknights/sites/arknights/files/2019-10/char_501_durin_1.png
Dur-nar,4.0,Elite 0,https://gamepress.gg/arknights/sites/arknights/files/2019-11/char_260_durnar_1_4%5B1%5D.png
Dur-nar,4.0,Elite 2,https://gamepress.gg/arknights/sites/arknights/files/2019-11/char_260_durnar_2f.png
Dobermann,4.0,Elite 0,https://gamepress.gg/arknights/sites/arknights/files/2019-10/char_130_doberm_1.png
Dobermann,4.0,Elite 2,https://gamepress.gg/arknights/sites/arknights/files/2019-11/char_130_doberm_2.png
Dobermann,4.0,Skin 1,https://gamepress.gg/arknights/sites/arknights/files/2020-11/char_130_doberm_epoque%237.png
Deepcolor,4.0,Elite 0,https://gamepress.gg/arknights/sites/arknights/files/2019-10/char_110_deepcl_1.png
Deepcolor,4.0,Elite 2,https://gamepress.gg/arknights/sites/arknights/files/2019-11/char_110_deepcl_2.png
Cutter,4.0,Elite 0,https://gamepress.gg/arknights/sites/arknights/files/2020-04/char_301_cutter_1.png
Cutter,4.0,Elite 2,https://gamepress.gg/arknights/sites/arknights/files/2020-04/char_301_cutter_2.png
Cuora,4.0,Elite 0,https://gamepress.gg/arknights/sites/arknights/files/2019-10/char_150_snakek_1.png
Cuora,4.0,Elite 2,https://gamepress.gg/arknights/sites/arknights/files/2019-11/char_150_snakek_2.png
Cuora,4.0,Skin 1,https://gamepress.gg/arknights/sites/arknights/files/2020-02/ArtCuoraSkinWild.png
Croissant,5.0,Elite 0,https://gamepress.gg/arknights/sites/arknights/files/2019-10/char_201_moeshd_1.png
Croissant,5.0,Elite 2,https://gamepress.gg/arknights/sites/arknights/files/2020-01/ArtCroissantE2.png
Croissant,5.0,Skin 1,https://gamepress.gg/arknights/sites/arknights/files/2020-08/char_201_moeshd_summer%234.png
Croissant,5.0,Skin 2,https://gamepress.gg/arknights/sites/arknights/files/2020-02/ArtCroissantSkinKFC.png
Courier,4.0,Elite 0,https://gamepress.gg/arknights/sites/arknights/files/2019-10/char_198_blackd_1.png
Courier,4.0,Elite 2,https://gamepress.gg/arknights/sites/arknights/files/2019-11/char_198_blackd_2.png
Courier,4.0,Skin 1,https://gamepress.gg/arknights/sites/arknights/files/2021-05/char_198_blackd_as%231.png
Courier,4.0,Skin 2,https://gamepress.gg/arknights/sites/arknights/files/2020-02/ArtCourierSkin.png
Conviction,4.0,Elite 0,https://gamepress.gg/arknights/sites/arknights/files/2020-04/char_159_peacok_1.png
Conviction,4.0,Elite 2,https://gamepress.gg/arknights/sites/arknights/files/2020-04/char_159_peacok_2.png
Cliffheart,5.0,Elite 0,https://gamepress.gg/arknights/sites/arknights/files/2019-10/char_173_slchan_1.png
Cliffheart,5.0,Elite 2,https://gamepress.gg/arknights/sites/arknights/files/2020-01/char_173_slchan_2.png
Cliffheart,5.0,Skin 1,https://gamepress.gg/arknights/sites/arknights/files/2020-03/ArtCliffheartSkinWWFHighlandWanderer.png
Cliffheart,5.0,Skin 2,https://gamepress.gg/arknights/sites/arknights/files/2020-02/ArtCliffheartSkinWild.png
Click,4.0,Elite 0,https://gamepress.gg/arknights/sites/arknights/files/2020-07/char_328_cammou_1_0.png
Click,4.0,Elite 2,https://gamepress.gg/arknights/sites/arknights/files/2020-07/char_328_cammou_2.png
Chiave,5.0,Elite 0,https://gamepress.gg/arknights/sites/arknights/files/2020-07/char_349_chiave_1.png
Chiave,5.0,Elite 2,https://gamepress.gg/arknights/sites/arknights/files/2020-07/char_349_chiave_2.png
Ch'en,6.0,Elite 0,https://gamepress.gg/arknights/sites/arknights/files/2019-10/char_010_chen_1_0.png
Ch'en,6.0,Elite 2,https://gamepress.gg/arknights/sites/arknights/files/2019-11/char_010_chen_2.png
Ch'en,6.0,Skin 1,https://gamepress.gg/arknights/sites/arknights/files/2020-02/ArtChenSkinNian.png
Ceylon,5.0,Elite 0,https://gamepress.gg/arknights/sites/arknights/files/2019-11/char_348_ceylon_1_0.png
Ceylon,5.0,Elite 2,https://gamepress.gg/arknights/sites/arknights/files/2019-11/char_348_ceylon_2_0.png
Ceobe,6.0,Elite 0,https://gamepress.gg/arknights/sites/arknights/files/2020-02/char_2013_cerber_1.png
Ceobe,6.0,Elite 2,https://gamepress.gg/arknights/sites/arknights/files/2020-02/char_2013_cerber_2.png
Ceobe,6.0,Skin 1,https://gamepress.gg/arknights/sites/arknights/files/2020-08/char_2013_cerber_summer%234.png
Catapult,3.0,Elite 0,https://gamepress.gg/arknights/sites/arknights/files/2019-10/char_282_catap_1.png
Castle-3,1.0,Elite 0,https://gamepress.gg/arknights/sites/arknights/files/2019-10/char_286_cast3_1.png
Castle-3,1.0,Skin 1,https://gamepress.gg/arknights/sites/arknights/files/2020-02/ArtCastle3SkinSummer.png
Carnelian,6.0,Elite 0,https://gamepress.gg/arknights/sites/arknights/files/2021-06/char_426_billro_1.png
Carnelian,6.0,Elite 2,https://gamepress.gg/arknights/sites/arknights/files/2021-06/char_426_billro_2.png
Cardigan,3.0,Elite 0,https://gamepress.gg/arknights/sites/arknights/files/2019-10/char_209_ardign_1.png
Cardigan,3.0,Skin 1,https://gamepress.gg/arknights/sites/arknights/files/2020-02/ArtCardiganSkinSnow.png
Bubble,4.0,Elite 0,https://gamepress.gg/arknights/sites/arknights/files/2020-10/char_381_bubble_1.png
Bubble,4.0,Elite 2,https://gamepress.gg/arknights/sites/arknights/files/2020-10/char_381_bubble_2.png
Broca,5.0,Elite 0,https://gamepress.gg/arknights/sites/arknights/files/2019-12/char_356_broca_1_0.png
Broca,5.0,Elite 2,https://gamepress.gg/arknights/sites/arknights/files/2019-12/char_356_broca_2.png
Breeze,5.0,Elite 0,https://gamepress.gg/arknights/sites/arknights/files/2019-11/char_260_breeze_1.png
Breeze,5.0,Elite 2,https://gamepress.gg/arknights/sites/arknights/files/2019-11/char_260_breeze_2.png
Blue Poison,5.0,Elite 0,https://gamepress.gg/arknights/sites/arknights/files/2019-10/char_129_bluep_1.png
Blue Poison,5.0,Elite 2,https://gamepress.gg/arknights/sites/arknights/files/2019-11/char_129_bluep_2.png
Blue Poison,5.0,Skin 1,https://gamepress.gg/arknights/sites/arknights/files/2021-05/%E7%AB%8B%E7%BB%98_%E8%93%9D%E6%AF%92_skin1.png
Blitz,5.0,Elite 0,https://gamepress.gg/arknights/sites/arknights/files/2021-03/char_457_blitz_1.png
Blitz,5.0,Elite 2,https://gamepress.gg/arknights/sites/arknights/files/2021-03/char_457_blitz_2.png
Blemishine,6.0,Elite 0,https://gamepress.gg/arknights/sites/arknights/files/2020-10/char_423_blemsh_1.png
Blemishine,6.0,Elite 2,https://gamepress.gg/arknights/sites/arknights/files/2020-10/char_423_blemsh_2.png
Blaze,6.0,Elite 0,https://gamepress.gg/arknights/sites/arknights/files/2019-12/char_017_huang_1_0.png
Blaze,6.0,Elite 2,https://gamepress.gg/arknights/sites/arknights/files/2019-12/char_017_huang_2.png
Blaze,6.0,Skin 1,https://gamepress.gg/arknights/sites/arknights/files/2021-05/char_017_huang_as%231.png
Bison,5.0,Elite 0,https://gamepress.gg/arknights/sites/arknights/files/2019-11/char_325_bison_1_7.png
Bison,5.0,Elite 2,https://gamepress.gg/arknights/sites/arknights/files/2019-11/char_325_bison_2_0.png
Bibeak,5.0,Elite 0,https://gamepress.gg/arknights/sites/arknights/files/2020-03/char_252_bibeak_1.png
Bibeak,5.0,Elite 2,https://gamepress.gg/arknights/sites/arknights/files/2020-03/char_252_bibeak_2.png
Bibeak,5.0,Skin 1,https://gamepress.gg/arknights/sites/arknights/files/2021-01/char_252_bibeak_winter%232.png
Bena,5.0,Elite 0,https://gamepress.gg/arknights/sites/arknights/files/2021-06/char_369_bena_1.png
Bena,5.0,Elite 2,https://gamepress.gg/arknights/sites/arknights/files/2021-06/char_369_bena_2.png
Beeswax,5.0,Elite 0,https://gamepress.gg/arknights/sites/arknights/files/2020-07/char_344_beewax_1.png
Beeswax,5.0,Elite 2,https://gamepress.gg/arknights/sites/arknights/files/2020-07/char_344_beewax_2.png
Beeswax,5.0,Skin 1,https://gamepress.gg/arknights/sites/arknights/files/2021-07/char_344_beewax_epoque%239.png
Beehunter,4.0,Elite 0,https://gamepress.gg/arknights/sites/arknights/files/2019-10/char_137_brownb_1.png
Beehunter,4.0,Elite 2,https://gamepress.gg/arknights/sites/arknights/files/2019-11/char_137_brownb_2.png
Beehunter,4.0,Skin 1,https://gamepress.gg/arknights/sites/arknights/files/2020-06/char_137_brownb_kitchen%231.png
Beanstalk,4.0,Elite 0,https://gamepress.gg/arknights/sites/arknights/files/2021-01/char_452_bstalk_1.png
Beanstalk,4.0,Elite 2,https://gamepress.gg/arknights/sites/arknights/files/2021-01/char_452_bstalk_2.png
Beagle,3.0,Elite 0,https://gamepress.gg/arknights/sites/arknights/files/2019-10/char_122_beagle_1.png
Beagle,3.0,Skin 1,https://gamepress.gg/arknights/sites/arknights/files/2020-05/ArtBeagleSkinFearless.png
Bagpipe,6.0,Elite 0,https://gamepress.gg/arknights/sites/arknights/files/2020-03/char_222_bpipe_1.png
Bagpipe,6.0,Elite 2,https://gamepress.gg/arknights/sites/arknights/files/2020-03/char_222_bpipe_2.png
Bagpipe,6.0,Skin 1,https://gamepress.gg/arknights/sites/arknights/files/2020-11/BagpipeSkin.png
Ayerscarpe,5.0,Elite 0,https://gamepress.gg/arknights/sites/arknights/files/2020-07/char_294_ayer_1.png
Ayerscarpe,5.0,Elite 2,https://gamepress.gg/arknights/sites/arknights/files/2020-07/char_294_ayer_2.png
Ayerscarpe,5.0,Skin 1,https://gamepress.gg/arknights/sites/arknights/files/2021-05/char_294_ayer_boc%233-2.png
Astesia,5.0,Elite 0,https://gamepress.gg/arknights/sites/arknights/files/2019-10/char_274_astesi_1_1.png
Astesia,5.0,Elite 2,https://gamepress.gg/arknights/sites/arknights/files/2019-11/char_274_astesi_2%5B1%5D.png
Astesia,5.0,Skin 1,https://gamepress.gg/arknights/sites/arknights/files/2020-07/char_274_astesi_epoque%235.png
Ash,6.0,Elite 0,https://gamepress.gg/arknights/sites/arknights/files/2021-03/char_456_ash_1.png
Ash,6.0,Elite 2,https://gamepress.gg/arknights/sites/arknights/files/2021-03/char_456_ash_2.png
Ash,6.0,Skin 1,https://gamepress.gg/arknights/sites/arknights/files/2021-03/char_456_ash_rainbow6%231_0.png
Asbestos,5.0,Elite 0,https://gamepress.gg/arknights/sites/arknights/files/2020-06/ArtAsbestosBase.png
Asbestos,5.0,Elite 2,https://gamepress.gg/arknights/sites/arknights/files/2020-06/ArtAsbestosE2.png
Arene,4.0,Elite 0,https://gamepress.gg/arknights/sites/arknights/files/2020-09/char_271_spikes_1.png
Arene,4.0,Elite 2,https://gamepress.gg/arknights/sites/arknights/files/2020-09/char_271_spikes_2.png
Arene,4.0,Skin 1,https://gamepress.gg/arknights/sites/arknights/files/2021-01/char_271_spikes_winter%232.png
Archetto,6.0,Elite 0,https://gamepress.gg/arknights/sites/arknights/files/2021-01/char_332_archet_1.png
Archetto,6.0,Elite 2,https://gamepress.gg/arknights/sites/arknights/files/2021-01/char_332_archet_2.png
April,5.0,Elite 0,https://gamepress.gg/arknights/sites/arknights/files/2020-09/char_365_aprl_1.png
April,5.0,Elite 2,https://gamepress.gg/arknights/sites/arknights/files/2020-09/char_365_aprl_2.png
April,5.0,Skin 1,https://gamepress.gg/arknights/sites/arknights/files/2020-09/char_365_aprl_wild%233.png
Aosta,5.0,Elite 0,https://gamepress.gg/arknights/sites/arknights/files/2020-10/char_346_aosta_1.png
Aosta,5.0,Elite 2,https://gamepress.gg/arknights/sites/arknights/files/2020-10/char_346_aosta_2.png
Ansel,3.0,Elite 0,https://gamepress.gg/arknights/sites/arknights/files/2019-10/char_212_ansel_1.png
Ansel,3.0,Skin 1,https://gamepress.gg/arknights/sites/arknights/files/2020-02/ArtAnselSkinSummer.png
Angelina,6.0,Elite 0,https://gamepress.gg/arknights/sites/arknights/files/2019-10/char_291_aglina_1.png
Angelina,6.0,Elite 2,https://gamepress.gg/arknights/sites/arknights/files/2019-11/char_291_aglina_2.png
Angelina,6.0,Skin 1,https://gamepress.gg/arknights/sites/arknights/files/2021-07/%E7%AB%8B%E7%BB%98_%E5%AE%89%E6%B4%81%E8%8E%89%E5%A8%9C_skin2.png
Angelina,6.0,Skin 2,https://gamepress.gg/arknights/sites/arknights/files/2020-05/ArtAngelinaSkinBloodlineOfCombat_0.png
Andreana,5.0,Elite 0,https://gamepress.gg/arknights/sites/arknights/files/2020-08/char_218_cuttle_1.png
Andreana,5.0,Elite 2,https://gamepress.gg/arknights/sites/arknights/files/2020-08/char_218_cuttle_2.png
Amiya (Guard),5.0,Elite 0,https://gamepress.gg/arknights/sites/arknights/files/2020-11/char_1001_amiya2_2_0.png
Amiya,5.0,Elite 0,https://gamepress.gg/arknights/sites/arknights/files/2019-10/char_002_amiya_1.png
Amiya,5.0,Elite 2,https://gamepress.gg/arknights/sites/arknights/files/2019-10/char_002_amiya_2.png
Amiya,5.0,Skin 1,https://gamepress.gg/arknights/sites/arknights/files/2021-03/char_002_amiya_test%231.png
Amiya,5.0,Skin 2,https://gamepress.gg/arknights/sites/arknights/files/2020-04/char_002_amiya_epoque%234boverlay.png
Amiya,5.0,Elite 1,https://gamepress.gg/arknights/sites/arknights/files/2019-10/char_002_amiya_1%2B.png
Amiya,5.0,Skin 3,https://gamepress.gg/arknights/sites/arknights/files/2020-01/char_002_amiya_winter%231_1.png
Ambriel,4.0,Elite 0,https://gamepress.gg/arknights/sites/arknights/files/2019-12/char_302_glaze_1_0.png
Ambriel,4.0,Elite 2,https://gamepress.gg/arknights/sites/arknights/files/2019-12/char_302_glaze_2.png
Akafuyu,5.0,Elite 0,https://gamepress.gg/arknights/sites/arknights/files/2021-05/char_475_akafyu_1.png
Akafuyu,5.0,Elite 2,https://gamepress.gg/arknights/sites/arknights/files/2021-05/char_475_akafyu_2.png
Adnachiel,3.0,Elite 0,https://gamepress.gg/arknights/sites/arknights/files/2019-10/char_211_adnach_1.png
Aciddrop,4.0,Elite 0,https://gamepress.gg/arknights/sites/arknights/files/2020-08/char_366_acdrop_1.png
Aciddrop,4.0,Elite 2,https://gamepress.gg/arknights/sites/arknights/files/2020-08/char_366_acdrop_2.png
Absinthe,5.0,Elite 0,https://gamepress.gg/arknights/sites/arknights/files/2020-06/char_405_absin_1.png
Absinthe,5.0,Elite 2,https://gamepress.gg/arknights/sites/arknights/files/2020-06/char_405_absin_2.png
Aak,6.0,Elite 0,https://gamepress.gg/arknights/sites/arknights/files/2020-01/char_225_haak_1_0.png
Aak,6.0,Elite 2,https://gamepress.gg/arknights/sites/arknights/files/2020-01/char_225_haak_2.png
Aak,6.0,Skin 1,https://gamepress.gg/arknights/sites/arknights/files/2021-02/char_225_haak_nian%234.png
12F,2.0,Elite 0,https://gamepress.gg/arknights/sites/arknights/files/2019-10/char_009_12fce_1.png
